"platform","source_file","package_file","hash_match","source_sha256","package_sha256"
"web","tgs_about_v4.html","web-pages/tgs_about_v4.html","True","9253635A97FC11D236D0FB8CFCFC5C909B28C183C039B06F77AAA50CC19607E1","9253635A97FC11D236D0FB8CFCFC5C909B28C183C039B06F77AAA50CC19607E1"
"web","tgs_contact_v4.html","web-pages/tgs_contact_v4.html","True","596F5461AD5A66CC1A38020C3A2D706D0B43497701A354D932701CEDBB6824FD","596F5461AD5A66CC1A38020C3A2D706D0B43497701A354D932701CEDBB6824FD"
"web","tgs_home_v7.html","web-pages/tgs_home_v7.html","True","12C6F9EF51142D2913D76E1B3F0FB54A95B440A8EF844D88F076EE800604CA4A","12C6F9EF51142D2913D76E1B3F0FB54A95B440A8EF844D88F076EE800604CA4A"
"web","tgs_how_it_works_v4 (2).html","web-pages/tgs_how_it_works_v4 (2).html","True","557514D68FF83D6F1394304718140410D8999EAF2BFB7A275D72BC797E82707C","557514D68FF83D6F1394304718140410D8999EAF2BFB7A275D72BC797E82707C"
"web","tgs_legal_v5.html","web-pages/tgs_legal_v5.html","True","531577815F8C29413D6CC6FE62423801FE9DE5BF94F3307919FCDDB69F70A596","531577815F8C29413D6CC6FE62423801FE9DE5BF94F3307919FCDDB69F70A596"
"web","tgs_list_your_venue_v4.html","web-pages/tgs_list_your_venue_v4.html","True","D290A119C3260BA8EBEFB512730A208785FACB2E56B781A86667CEE3C851CB07","D290A119C3260BA8EBEFB512730A208785FACB2E56B781A86667CEE3C851CB07"
"web","tgs_venues.html","web-pages/tgs_venues.html","True","72B0FCE74ECE652D582D0BFEB7680C2AC8643359162E99E04B1B0A41F9C96744","72B0FCE74ECE652D582D0BFEB7680C2AC8643359162E99E04B1B0A41F9C96744"
"web","tgs_venues_v3.html","web-pages/tgs_venues_v3.html","True","CF8F8ADABBB409A3FD1D99DA83625B7F85A77226D80B872A18065D826AE0ECE8","CF8F8ADABBB409A3FD1D99DA83625B7F85A77226D80B872A18065D826AE0ECE8"
"web","tgs_wellness_edit_v2 (1).html","web-pages/tgs_wellness_edit_v2 (1).html","True","F1EC474AC0897D86024EA0C3EDE053E86670D46E5C79C9B5B02A3952C4430520","F1EC474AC0897D86024EA0C3EDE053E86670D46E5C79C9B5B02A3952C4430520"
"web","tgs_wellness_experiences_v6.html","web-pages/tgs_wellness_experiences_v6.html","True","290CA864D577D483C4565A04913A8F8CDC30B18F31E9447446F823DFEAE262F7","290CA864D577D483C4565A04913A8F8CDC30B18F31E9447446F823DFEAE262F7"
"portal","TGS Internal Portal - Bookings Dashboard.html","portal-pages/TGS Internal Portal - Bookings Dashboard.html","True","5F7C9C5D90B03FBF79705376F222F70F5A5BAC4CC104362890A10E7429B2EC6E","5F7C9C5D90B03FBF79705376F222F70F5A5BAC4CC104362890A10E7429B2EC6E"
"portal","TGS Internal Portal - Individual Retreat Host Profile.html","portal-pages/TGS Internal Portal - Individual Retreat Host Profile.html","True","A37BB662B28532145F853A894EECF540F203BD5A0442F7724BDAA1197621C1DF","A37BB662B28532145F853A894EECF540F203BD5A0442F7724BDAA1197621C1DF"
"portal","TGS Internal Portal - Individual Venue Owner Profile.html","portal-pages/TGS Internal Portal - Individual Venue Owner Profile.html","True","A0066FFBB52522BBC6F3ACF9DA8AC93EA10AE45CA550FBF0FA2E54C0E0EDD09D","A0066FFBB52522BBC6F3ACF9DA8AC93EA10AE45CA550FBF0FA2E54C0E0EDD09D"
"portal","TGS Internal Portal - Retreat Host General Dashboard.html","portal-pages/TGS Internal Portal - Retreat Host General Dashboard.html","True","EABC702D2969A2BC0D3C59C3CD7C69080195659BB442C820E1E3A691522AB1B1","EABC702D2969A2BC0D3C59C3CD7C69080195659BB442C820E1E3A691522AB1B1"
"portal","TGS Internal Portal - Retreat Venue Accommodation Tab V2.html","portal-pages/TGS Internal Portal - Retreat Venue Accommodation Tab V2.html","True","EA5075A524DCA65A142B0EC34C050E96BE4D0BC7E000B338C2B3863061902D0B","EA5075A524DCA65A142B0EC34C050E96BE4D0BC7E000B338C2B3863061902D0B"
"portal","TGS Internal Portal - Retreat Venue Amenities Tab V2.html","portal-pages/TGS Internal Portal - Retreat Venue Amenities Tab V2.html","True","2E9407A2B483F7BE2EA373A2F7E11E5294A6FEAA12163465DFDB72ABA707F791","2E9407A2B483F7BE2EA373A2F7E11E5294A6FEAA12163465DFDB72ABA707F791"
"portal","TGS Internal Portal - Retreat Venue Bookings Tab V2.html","portal-pages/TGS Internal Portal - Retreat Venue Bookings Tab V2.html","True","F4D841772EF3E694BEA9C7C94F465DBE728DA0D5ABDE59B1D45769F9978A22A7","F4D841772EF3E694BEA9C7C94F465DBE728DA0D5ABDE59B1D45769F9978A22A7"
"portal","TGS Internal Portal - Retreat Venue Facilities Tab V2.html","portal-pages/TGS Internal Portal - Retreat Venue Facilities Tab V2.html","True","890E843C6B6E474FA0BAA054277B89EB1A3F4C6B6D1087B8DCB7C32E6A80CF64","890E843C6B6E474FA0BAA054277B89EB1A3F4C6B6D1087B8DCB7C32E6A80CF64"
"portal","TGS Internal Portal - Retreat Venue Media Tab V2.html","portal-pages/TGS Internal Portal - Retreat Venue Media Tab V2.html","True","1A3D9DA713D470667DC1F4E3E25C6CAD6E9010CBAE552CBB41D0F782BA0B6445","1A3D9DA713D470667DC1F4E3E25C6CAD6E9010CBAE552CBB41D0F782BA0B6445"
"portal","TGS Internal Portal - Retreat Venue Owner Manager Tab V2.html","portal-pages/TGS Internal Portal - Retreat Venue Owner Manager Tab V2.html","True","3A030E6C594F8A151CAEEFF377C21C0F6B35F20F300A0E98503FF8CE610D3AA2","3A030E6C594F8A151CAEEFF377C21C0F6B35F20F300A0E98503FF8CE610D3AA2"
"portal","TGS Internal Portal - Retreat Venue Pricing Booking V2.html","portal-pages/TGS Internal Portal - Retreat Venue Pricing Booking V2.html","True","E0DA98F8B5A2348718F81C4068CD68D2C4B3DA5B4EEE4D5FBE63B7E2233736DE","E0DA98F8B5A2348718F81C4068CD68D2C4B3DA5B4EEE4D5FBE63B7E2233736DE"
"portal","TGS Internal Portal - Retreat Venue TGS Internal V2.html","portal-pages/TGS Internal Portal - Retreat Venue TGS Internal V2.html","True","08D8541FFED79554E03DEF70655BA256C3AD4EDC56DA50CE21AF4B0D6D49FF1F","08D8541FFED79554E03DEF70655BA256C3AD4EDC56DA50CE21AF4B0D6D49FF1F"
"portal","TGS Internal Portal - Retreat Venue Wellness Facilities V2.html","portal-pages/TGS Internal Portal - Retreat Venue Wellness Facilities V2.html","True","DB07DBCA8650C61A2C4F9221CEA1649BA49BA5F3A13182507454B44FACB31DDB","DB07DBCA8650C61A2C4F9221CEA1649BA49BA5F3A13182507454B44FACB31DDB"
"portal","TGS Internal Portal - Retreat Venue Wellness Services V2.html","portal-pages/TGS Internal Portal - Retreat Venue Wellness Services V2.html","True","67FFFA21DEED19E00104234661C33C09105D729067F772DB061A36AC245505D6","67FFFA21DEED19E00104234661C33C09105D729067F772DB061A36AC245505D6"
"portal","TGS Internal Portal - Wellness Guest General Dashboard.html","portal-pages/TGS Internal Portal - Wellness Guest General Dashboard.html","True","F5254AD90B3810ED2A287697173F14CFB6251477E0C5A5CED66E686FAA4318D5","F5254AD90B3810ED2A287697173F14CFB6251477E0C5A5CED66E686FAA4318D5"
"portal","TGS Internal Portal - Wellness Guest Individual Profile.html","portal-pages/TGS Internal Portal - Wellness Guest Individual Profile.html","True","A0745DCA4930845FC03882000FA0DEDBC45A7FEE3538B7EDB3C343A78AF70140","A0745DCA4930845FC03882000FA0DEDBC45A7FEE3538B7EDB3C343A78AF70140"
"portal","TGS Internal Portal - Wellness Venue Accommodation Tab V2.html","portal-pages/TGS Internal Portal - Wellness Venue Accommodation Tab V2.html","True","403251710FB7AE0C5A9CE87D7E1901A1006CDD80961C52F62FB343AE221EBA4A","403251710FB7AE0C5A9CE87D7E1901A1006CDD80961C52F62FB343AE221EBA4A"
"portal","TGS Internal Portal - Wellness Venue Amenities V2.html","portal-pages/TGS Internal Portal - Wellness Venue Amenities V2.html","True","01E680D0483E02E4040451D63B002C1CEA6B0E01D7C26E876586D5C55DB723C2","01E680D0483E02E4040451D63B002C1CEA6B0E01D7C26E876586D5C55DB723C2"
"portal","TGS Internal Portal - Wellness Venue Booking Pricing Tab V2.html","portal-pages/TGS Internal Portal - Wellness Venue Booking Pricing Tab V2.html","True","A97D039FEB6161D366B02350145D0E6AF81C942AF490D383867A88874BA0B30F","A97D039FEB6161D366B02350145D0E6AF81C942AF490D383867A88874BA0B30F"
"portal","TGS Internal Portal - Wellness Venue Bookings V2.html","portal-pages/TGS Internal Portal - Wellness Venue Bookings V2.html","True","C91D3E97E270BB79C6EA243D01BA4F98F5742BCCA3D7247C0C1E6045807612A1","C91D3E97E270BB79C6EA243D01BA4F98F5742BCCA3D7247C0C1E6045807612A1"
"portal","TGS Internal Portal - Wellness Venue Facilities Tab V2.html","portal-pages/TGS Internal Portal - Wellness Venue Facilities Tab V2.html","True","B1FAA926C7A5A2C03256A310F92A2C2587772024DCB6B9B249401D5273ADC800","B1FAA926C7A5A2C03256A310F92A2C2587772024DCB6B9B249401D5273ADC800"
"portal","TGS Internal Portal - Wellness Venue Media V2.html","portal-pages/TGS Internal Portal - Wellness Venue Media V2.html","True","DB4B1ACF2F0F00758CF4D945C44CB987A25453F8F1D7E57B0D3C40E51DE0BF79","DB4B1ACF2F0F00758CF4D945C44CB987A25453F8F1D7E57B0D3C40E51DE0BF79"
"portal","TGS Internal Portal - Wellness Venue Owner Manager Tab V2.html","portal-pages/TGS Internal Portal - Wellness Venue Owner Manager Tab V2.html","True","685A899BF1D67A3441B500AAB8C69432BA01172CE41A09B415F238F0B93941F7","685A899BF1D67A3441B500AAB8C69432BA01172CE41A09B415F238F0B93941F7"
"portal","TGS Internal Portal - Wellness Venue Services V2.html","portal-pages/TGS Internal Portal - Wellness Venue Services V2.html","True","25C5E071AE2401943B7B9720C40F8199D0DD7B2ABB074249674D0B2F45A55A1F","25C5E071AE2401943B7B9720C40F8199D0DD7B2ABB074249674D0B2F45A55A1F"
"portal","TGS Internal Portal - Wellness Venue TGS Internal V2.html","portal-pages/TGS Internal Portal - Wellness Venue TGS Internal V2.html","True","E15A5BEABF423CAB5D2FCF28D5CB7E7F2E7EFC761507F7EA5737F0B575606F36","E15A5BEABF423CAB5D2FCF28D5CB7E7F2E7EFC761507F7EA5737F0B575606F36"
"portal","TGS Internal Portal Analytics.html","portal-pages/TGS Internal Portal Analytics.html","True","DD83D1080BCCA888125219FA74442E098C7D700433DA34A42C7E07B7AF6EF169","DD83D1080BCCA888125219FA74442E098C7D700433DA34A42C7E07B7AF6EF169"
"portal","TGS Internal Portal Enquiries Dashboard.html","portal-pages/TGS Internal Portal Enquiries Dashboard.html","True","CC96E8860C72D19D34C62E9C83C0003385B6060EF27A265E7D79525764EB5CB7","CC96E8860C72D19D34C62E9C83C0003385B6060EF27A265E7D79525764EB5CB7"
"portal","TGS Internal Portal Home Page V2.html","portal-pages/TGS Internal Portal Home Page V2.html","True","BD248D0E1C38F33810A82481C3027C7C74C51D2341F05F6E8D83E0B06811A4CD","BD248D0E1C38F33810A82481C3027C7C74C51D2341F05F6E8D83E0B06811A4CD"
"portal","TGS Internal Portal Payments.html","portal-pages/TGS Internal Portal Payments.html","True","DFC2CC9B47C44600C41A6604464667867184B085718CFC0DCBF8CAAA2AD8B0DE","DFC2CC9B47C44600C41A6604464667867184B085718CFC0DCBF8CAAA2AD8B0DE"
"portal","TGS Internal Portal Sanctum Journal.html","portal-pages/TGS Internal Portal Sanctum Journal.html","True","0FFD3F61EEDAEF7853C4CCB00B28190283C9F1825AF28FD9BCA536F1386EC96F","0FFD3F61EEDAEF7853C4CCB00B28190283C9F1825AF28FD9BCA536F1386EC96F"
"portal","TGS Internal Portal Settings.html","portal-pages/TGS Internal Portal Settings.html","True","C6EE153B2348E3E0771654ABB269F8E127C31B895DD4CE47432F2CD66BC8A254","C6EE153B2348E3E0771654ABB269F8E127C31B895DD4CE47432F2CD66BC8A254"
"portal","TGS Internal Portal Subscriptions.html","portal-pages/TGS Internal Portal Subscriptions.html","True","5D6D24E209F732E913519784A81E41EAACD787B023C4150A7AE7B9CC05E3B79C","5D6D24E209F732E913519784A81E41EAACD787B023C4150A7AE7B9CC05E3B79C"
"portal","TGS Internal Portal The Wellness Edit.html","portal-pages/TGS Internal Portal The Wellness Edit.html","True","68148A37E0571F0526558CE8BC77838A6C15668C0C772FE38613983964A9F696","68148A37E0571F0526558CE8BC77838A6C15668C0C772FE38613983964A9F696"
"portal","TGS Internal Portal Users.html","portal-pages/TGS Internal Portal Users.html","True","798901F4061404F2B5CC44C1DF95ECFB6043F3E84A9AF298365199FBBF287A51","798901F4061404F2B5CC44C1DF95ECFB6043F3E84A9AF298365199FBBF287A51"
"portal","TGS Internal Portal Venue Owners General Dashboard.html","portal-pages/TGS Internal Portal Venue Owners General Dashboard.html","True","087C7F8B6B563CC40C339A071F6DB15561B9E51E8FBECA8A82CE6E2F765F66D4","087C7F8B6B563CC40C339A071F6DB15561B9E51E8FBECA8A82CE6E2F765F66D4"
"portal","TGS Internal Portal Venues Page V2.html","portal-pages/TGS Internal Portal Venues Page V2.html","True","83E99866DA63C96196F85A8DEAA908CBBC7EAAF1F1A2BFD7C6579C80A7BF60FF","83E99866DA63C96196F85A8DEAA908CBBC7EAAF1F1A2BFD7C6579C80A7BF60FF"
"portal","TGS_Internal_Portal_-_Retreat_Venue_Overview_Tab_V3.html","portal-pages/TGS_Internal_Portal_-_Retreat_Venue_Overview_Tab_V3.html","True","6AB3ADD6578A7251CD048EC44B8FB091914DD0DBC6A226A7886E3769EF85576B","6AB3ADD6578A7251CD048EC44B8FB091914DD0DBC6A226A7886E3769EF85576B"
"portal","TGS_Internal_Portal_-_Wellness_Venue_Overview_V3.html","portal-pages/TGS_Internal_Portal_-_Wellness_Venue_Overview_V3.html","True","76CA48B88903132FF491EFE03A75D75E4C231CE22CDADCDBCD4696E3C284BECE","76CA48B88903132FF491EFE03A75D75E4C231CE22CDADCDBCD4696E3C284BECE"
